{"cameraMode":{"drawMode":0,"name":"Shaded","section":"Shading Mode"},"sceneLighting":false,"audioPlay":false,"sceneViewState":{"showFog":true,"showMaterialUpdate":false,"showSkybox":false,"showFlares":true,"showImageEffects":true,"showParticleSystems":true},"in2DMode":false,"pivot":{"x":3.700000047683716,"y":1.25,"z":-3.3999998569488527},"rotation":{"x":0.08684913069009781,"y":-0.2685309052467346,"z":0.024312054738402368,"w":0.9590494632720947},"size":0.9478526711463928,"orthographic":false}